antecedents,consequents,antecedent support,consequent support,support,confidence,lift,leverage,conviction,zhangs_metric
frozenset({'other vegetables'}),frozenset({'whole milk'}),0.1934926283680732,0.25551601423487547,0.07483477376715811,0.38675775091960063,1.5136340948246207,0.025394308582718045,1.2140128748166512,0.4207504618057839
frozenset({'whole milk'}),frozenset({'other vegetables'}),0.25551601423487547,0.1934926283680732,0.07483477376715811,0.2928770393951452,1.5136340948246205,0.025394308582718045,1.140547566072612,0.4558034229778036
frozenset({'rolls/buns'}),frozenset({'whole milk'}),0.18393492628368074,0.25551601423487547,0.05663446873411286,0.30790491984521834,1.2050317893663836,0.009636149491521126,1.0756961104226122,0.2084960861043618
frozenset({'whole milk'}),frozenset({'rolls/buns'}),0.25551601423487547,0.18393492628368074,0.05663446873411286,0.22164743334659767,1.2050317893663836,0.009636149491521126,1.0484517025813447,0.2285426914877913
frozenset({'yogurt'}),frozenset({'whole milk'}),0.13950177935943062,0.25551601423487547,0.05602440264361973,0.40160349854227406,1.5717351405345266,0.020379464003024997,1.244131581570951,0.4227324107307714
frozenset({'whole milk'}),frozenset({'yogurt'}),0.25551601423487547,0.13950177935943062,0.05602440264361973,0.21925984878631116,1.5717351405345263,0.020379464003024997,1.1021569971813203,0.48860753783317645
